Country,Year,Co2,Co2_per_capita,Gdp,Gdp_per_capita,Coal_co2,Cement_co2,Flaring_co2,Gas_co2,Oil_co2,Coal_co2_per_capita,Cement_co2_per_capita,Flaring_co2_per_capita,Gas_co2_per_capita,Oil_co2_per_capita,Cumulative_co2,Cumulative_coal_co2,Cumulative_cement_co2,Cumulative_flaring_co2,Cumulative_gas_co2,Cumulative_oil_co2,Annual_co2_fossil_cement,Co2_per_gdp,Consumption_co2_per_gdp,Consumption_co2,Consumption_co2_per_capita
India,1960,120581.961,0.267634188,37029883875.0,82.18860274,88003183,4002217,,,19444848,0.1953,0.0089,,,0.0432,2835588136.0,2544256551.0,40412383,,,250919201.0,111450248,0.214,,,
Japan,1960,232781.16,2.497223223,44307342950.0,475.3190756,139144064,11139081,,1601168.0,80615328,1.4854,0.1189,,0.0171,0.8606,5756013486.0,5225207889.0,107824883,,8566389.0,414414323.0,232499641,0.3889,,,
Russia,1960,1448637.349,12.08234859,,,585156284,13753032,,61635983.0,222381759,4.8815,0.1147,,0.5142,1.8552,13271821058.0,9795064629.0,106299829,,295398236.0,3075058375.0,882927058,1.3281,,,
United States,1960,2890696.1,15.99977916,543300000000.0,3007.123445,917963904,28620891,30315936.0,630024800.0,1281630560,4.9162,0.1533,0.1624,3.3742,6.8639,119157210334.0,79645956422.0,582717047,440977089.0,9410358725.0,28880549709.0,2897138041,0.888,,,
India,1961,130402.187,0.283703708,39232435784.0,85.35430099,95020481,4204885,,3664.0,21310423,0.2067,0.0091,,0.0,0.0464,2956127589.0,2639277032.0,44617268,,3664.0,272229624.0,120539453,0.2247,,,
Japan,1961,283118.069,3.010133103,53508617739.0,568.9077427,160866340,12175009,,2044538.0,107701011,1.7012,0.1288,,0.0216,1.139,6038800384.0,5386074229.0,119999892,,10610927.0,522115334.0,282786898,0.4222,,,
Russia,1961,1493932.133,12.32251256,,,574963957,15351596,,79831897.0,240395000,4.736,0.1265,,0.6576,1.9801,14182363508.0,10370028586.0,121651425,,375230133.0,3315453375.0,910542450,1.2777,,,
United States,1961,2880505.507,15.68125552,563300000000.0,3066.562869,887442784,28522204,28198144.0,636414816.0,1297316144,4.6813,0.1505,0.1487,3.3572,6.8435,122043906426.0,80533399206.0,611239251,469175233.0,10046773541.0,30177865853.0,2886696092,0.8646,,,
India,1962,143467.708,0.305850957,42161481859.0,89.88175649,103407487,4380947,43967.0,10992.0,24885252,0.2204,0.0093,0.0001,0.0,0.0531,3088856234.0,2742684519.0,48998215,43967.0,14656.0,297114876.0,132728645,0.242,,,
Japan,1962,293220.654,3.088711554,60723018684.0,639.6407854,154214096,14228222,,2660064.0,121762048,1.6155,0.1491,,0.0279,1.2755,6331664814.0,5540288325.0,134228114,,13270991.0,643877382.0,292864430,0.4014,,,
Russia,1962,1567950.528,12.79009493,,,570994978,17286430,,99101657.0,268283698,4.6476,0.1407,,0.8066,2.1837,15138030270.0,10941023564.0,138937855,,474331790.0,3583737073.0,955666762,1.2486,,,
United States,1962,2987207.873,16.0139375,605100000000.0,3243.843078,920818160,29694630,22921984.0,676367072.0,1334747568,4.7881,0.1544,0.1192,3.517,6.9405,125037624590.0,81454217366.0,640933881,492097217.0,10723140613.0,31512613421.0,2993718164,0.8457,,,
India,1963,154083.673,0.321794976,48421923459.0,101.1264294,110577465,4771153,135568.0,10992.0,27106272,0.2309,0.01,0.0003,0.0,0.0566,3231457684.0,2853261984.0,53769368,179535.0,25648.0,324221148.0,142601450,0.2474,,,
Japan,1963,325222.563,3.391267602,69498131797.0,724.6937622,155338944,14802439,,3671328.0,151022752,1.6116,0.1536,,0.0381,1.5668,6656500277.0,5695627269.0,149030553,,16942319.0,794900134.0,324835463,0.4104,,,
Russia,1963,1681524.852,13.56506012,,,592005057,18382487,,121218792.0,293304823,4.7662,0.148,,0.9759,2.3614,16162941429.0,11533028621.0,157320342,,595550582.0,3877041896.0,1024911159,1.2876,,,
United States,1963,3119230.874,16.48276215,638600000000.0,3374.515171,987008320,31241695,20650304.0,718455440.0,1359256064,5.0633,0.1603,0.1059,3.6857,6.973,128163918613.0,82441225686.0,672175576,512747521.0,11441596053.0,32871869485.0,3126294023,0.8466,,,
India,1964,150647.694,0.308168697,56480289941.0,115.5374961,106075150,4943815,476332.0,21985.0,28121885,0.217,0.0101,0.001,0.0,0.0575,3371096850.0,2959337134.0,58713183,655867.0,47633.0,352343033.0,139639166,0.2251,,,
Japan,1964,359318.329,3.708020691,81749006382.0,843.6168785,160206765,16299598,,4004711.0,178380020,1.6452,0.1674,,0.0411,1.8318,7015391371.0,5855834034.0,165330151,,20947030.0,973280154.0,358891094,0.406,,,
Russia,1964,1788304.225,14.26705672,,,609364405,19545092,,147178217.0,313931956,4.8582,0.1558,,1.1734,2.5028,17252961098.0,12142393026.0,176865434,,742728799.0,4190973852.0,1090019669,1.2857,,,
United States,1964,3255995.306,16.96811858,685800000000.0,3573.941185,1049176590,32822450,18411621.0,759071735.0,1393919074,5.3147,0.1663,0.0933,3.8452,7.0611,131428029183.0,83490402276.0,704998026,531159142.0,12200667788.0,34265788559.0,3264110570,0.8355,,,
India,1965,165972.087,0.332527209,59554854575.0,119.3189163,116621982,5397674,751137.0,282134.0,30814921,0.2337,0.0108,0.0015,0.0006,0.0617,3524964697.0,3075959116.0,64110857,1407004.0,329767.0,383157954.0,153867847,0.2581,,,
Japan,1965,386919.838,3.950096353,90950278258.0,928.5188486,165748368,16158027,,3609040.0,200955744,1.6836,0.1641,,0.0367,2.0413,7401862550.0,6021582402.0,181488178,,24556070.0,1174235898.0,386471179,0.4132,,,
Russia,1965,1897052.777,14.96747625,,,629895600,21769084,,170187399.0,334459594,4.9793,0.1721,,1.3453,2.6439,18409272775.0,12772288626.0,198634518,,912916198.0,4525433446.0,1156311677,1.2928,,,
United States,1965,3390922.571,17.45172525,743700000000.0,3827.52711,1090618912,33089849,17187824.0,782604752.0,1464691328,5.4604,0.1657,0.0861,3.9182,7.3332,134827371048.0,84581021188.0,738087875,548346966.0,12983272540.0,35730479887.0,3399341865,0.8179,,,
India,1966,171765.947,0.337039496,45865462034.0,89.99730437,117150565,5569961,831728.0,311440.0,35676368,0.2299,0.0109,0.0016,0.0006,0.07,3684504759.0,3193109681.0,69680818,2238732.0,641207.0,418834322.0,159540062,0.2653,,,
Japan,1966,419743.155,4.246220625,105628000000.0,1068.55844,170450769,18912980,,3700672.0,226180696,1.7114,0.1899,,0.0372,2.271,7821107667.0,6192033171.0,200401158,,28256742.0,1400416594.0,419245117,0.4051,,,
Russia,1966,2003392.11,15.71682391,,,651114339,24033092,,188576563.0,357398996,5.1101,0.1886,,1.48,2.805,19630395765.0,13423402965.0,222667610,,1101492761.0,4882832442.0,1221122990,1.275,,,
United States,1966,3561878.111,18.12107301,815000000000.0,4146.316646,1132718272,34359864,20232608.0,842207040.0,1529661376,5.6104,0.1702,0.1002,4.1715,7.5765,138398579608.0,85713739460.0,772447739,568579574.0,13825479580.0,37260141263.0,3571208560,0.8065,,,
India,1967,172238.99,0.330973864,50134942203.0,96.33913646,119265244,5820807,1454608.0,487312.0,32697536,0.2292,0.0112,0.0028,0.0009,0.0628,3844230266.0,3312374925.0,75501625,3693340.0,1128519.0,451531858.0,159725507,0.2455,,,
Japan,1967,489881.864,4.904753392,123782000000.0,1239.318377,181498545,21238597,,3909459.0,282660828,1.8002,0.2107,,0.0388,2.8036,8310415097.0,6373531716.0,221639755,,32166201.0,1683077422.0,489307430,0.4257,,,
Russia,1967,2094843.423,16.34094217,,,655901297,25440921,,206261156.0,389263674,5.1167,0.1985,,1.6091,3.0367,20907262813.0,14079304262.0,248108531,,1307753917.0,5272096116.0,1276867048,1.2541,,,
United States,1967,3695708.943,18.59831788,861700000000.0,4336.426587,1163048864,33387195,26384464.0,881283600.0,1589194048,5.7039,0.1637,0.1294,4.322,7.7938,142103833829.0,86876788324.0,805834934,594964038.0,14706763180.0,38849335311.0,3705254221,0.8163,,,
India,1968,187336.029,0.352457485,53085455871.0,99.87596272,124002523,5872180,1370336.0,751120.0,42249584,0.2333,0.011,0.0026,0.0014,0.0795,4018476009.0,3436377448.0,81373805,5063676.0,1879639.0,493781442.0,174245743,0.2608,,,
Japan,1968,562565.471,5.569348596,146601000000.0,1451.337703,200119048,23564544,,4228228.0,334000735,1.9596,0.2307,,0.0414,3.2705,8872327652.0,6573650764.0,245204299,,36394429.0,2017078157.0,561912555,0.4331,,,
Russia,1968,2153698.773,16.70466286,,,648671174,26244117,,223323101.0,414511076,5.0339,0.2037,,1.7331,3.2168,22220012281.0,14727975436.0,274352648,,1531077018.0,5686607192.0,1312749468,1.2139,,,
United States,1968,3831354.94,19.08938916,942500000000.0,4695.92339,1139602928,35102422,27817088.0,936360848.0,1689422768,5.5373,0.1706,0.1352,4.5497,8.2088,145944536033.0,88016391252.0,840937356,622781126.0,15643124028.0,40538758079.0,3840702204,0.8077,,,
India,1969,190724.337,0.35118733,58447995017.0,107.6223184,123543454,6438390,1260440.0,996627.0,45350200,0.2275,0.0119,0.0023,0.0018,0.0835,4196065120.0,3559920902.0,87812195,6324116.0,2876266.0,539131642.0,177589111,0.2492,,,
Japan,1969,653958.112,6.397617977,172204000000.0,1684.659403,221022233,25399869,,4719206.0,402074113,2.1356,0.2454,,0.0456,3.8849,9525543073.0,6794672997.0,270604168,,41113635.0,2419152270.0,653215421,0.4476,,,
Russia,1969,2242938.885,17.29808493,,,657658234,26904782,,238838883.0,443739181,5.0785,0.2078,,1.8444,3.4266,23587153361.0,15385633670.0,301257430,,1769915901.0,6130346373.0,1367141080,1.2322,,,
United States,1969,4024748.853,19.85794566,1019900000000.0,5032.144743,1157999872,35477321,28315392.0,1018082704.0,1781627328,5.5764,0.1708,0.1364,4.9027,8.5796,149979461700.0,89174391124.0,876414677,651096518.0,16661206732.0,42320385407.0,4034925667,0.8228,,,
India,1970,195143.072,0.351488938,62422483055.0,112.4344925,123726984,6494620,1421632.0,923328.0,49332096,0.2229,0.0117,0.0026,0.0017,0.0889,4377963780.0,3683647886.0,94306815,7745748.0,3799594.0,588463738.0,181898660,0.2429,,,
Japan,1970,768823.22,7.435211938,212609000000.0,2056.122046,229263808,28267462,40304.0,7676080.0,502715456,2.1849,0.2694,0.0004,0.0732,4.791,10293506183.0,7023936805.0,298871630,40304.0,48789715.0,2921867726.0,767963110,0.4753,,,
Russia,1970,2359142.448,18.09102825,,,702836923,28510560,,221803794.0,484719305,5.4003,0.2191,,1.7042,3.7244,25025023943.0,16088470593.0,329767990,,1991719695.0,6615065678.0,1437870582,1.1955,,,
United States,1970,4328904.501,21.11125227,1073300000000.0,5234.296666,1168090528,34709231,26248896.0,1059211104.0,2038081680,5.5753,0.1657,0.1253,5.0556,9.7277,154318932789.0,90342481652.0,911123908,677345414.0,17720417836.0,44358467087.0,4339471089,0.8833,,,
India,1971,205869.047,0.362529742,67350988021.0,118.6032415,127147379,7052059,1417943.0,1084525.0,55442660,0.2239,0.0124,0.0025,0.0019,0.0976,4570108346.0,3810795265.0,101358874,9163691.0,4884119.0,643906398.0,192144566,0.2543,,,
Japan,1971,797543.164,7.545561028,240152000000.0,2272.077802,206384843,29269567,40304.0,8093739.0,552755827,1.9392,0.275,0.0004,0.076,5.1938,11090050463.0,7230321648.0,328141197,80608.0,56883454.0,3474623553.0,796544280,0.4709,,,
Russia,1971,2503944.944,19.09149437,,,716498170,29731883,13181311.0,250649750.0,515812806,5.4765,0.2273,0.1008,1.9158,3.9426,26550897863.0,16804968763.0,359499873,13181311.0,2242369445.0,7130878484.0,1525873920,1.2177,,,
United States,1971,4356770.034,20.98020348,1164850000000.0,5609.3826,1107406428,35291250,15260547.0,1096927397.0,2097304811,5.2388,0.167,0.0722,5.1893,9.9218,158684179521.0,91449888080.0,946415158,692605961.0,18817345233.0,46455771898.0,4365246732,0.8617,,,
India,1972,217849.136,0.374899181,71463193830.0,122.9818641,134568224,7363109,1212804.0,1205476.0,58877807,0.2316,0.0127,0.0021,0.0021,0.1013,4773335767.0,3945363489.0,108721983,10376495.0,6089595.0,702784205.0,203227421,0.2697,,,
Japan,1972,853373.239,7.961462468,318031000000.0,2967.041996,200215616,32529752,76944.0,7983856.0,611364048,1.8543,0.3013,0.0007,0.0739,5.662,11942220679.0,7430537264.0,360670949,157552.0,64867310.0,4085987601.0,852170216,0.4647,,,
Russia,1972,2634955.853,19.97555779,,,738426261,30598216,12604734.0,263619800.0,560161934,5.6137,0.2326,0.0958,2.0041,4.2585,28156308808.0,17543395024.0,390098089,25786045.0,2505989245.0,7691040418.0,1605410945,1.2451,,,
United States,1972,4564952.958,21.74864198,1279110000000.0,6094.01799,1124840672,36298731,13307648.0,1115673344.0,2269173824,5.2743,0.1702,0.0624,5.2313,10.6399,163256970140.0,92574728752.0,982713889,705913609.0,19933018577.0,48724945722.0,4572790619,0.8572,,,
India,1973,224343.393,0.377193439,85515269586.0,143.7786876,138005218,6920663,1447280.0,1168816.0,61749392,0.232,0.0116,0.0024,0.002,0.1038,4982627136.0,4083368707.0,115642646,11823775.0,7258411.0,764533597.0,209291369,0.2653,,,
Japan,1973,915748.909,8.424010496,432083000000.0,3974.745605,214385162,38191966,80608.0,10581674.0,651025791,1.9573,0.3487,0.0007,0.0966,5.9439,12856485881.0,7644922426.0,398862915,238160.0,75448984.0,4737013392.0,914265202,0.4614,,,
Russia,1973,2746751.682,20.70379427,,,746022243,31798609,14986870.0,278595707.0,601805800,5.6399,0.2404,0.1133,2.1062,4.5496,29829518036.0,18289417267.0,421896698,40772915.0,2784584952.0,8292846218.0,1673209228,1.2031,,,
United States,1973,4770194.948,22.51058213,1425380000000.0,6726.358956,1212439482,36689875,13186736.0,1105199518.0,2403224000,5.6346,0.1705,0.0613,5.1362,11.1685,168041792951.0,93787168234.0,1019403764,719100345.0,21038218095.0,51128169722.0,4784822811,0.8488,,,
India,1974,231992.755,0.381064005,99525899116.0,163.4781125,145846461,6500907,1725744.0,1359344.0,60628208,0.2396,0.0107,0.0028,0.0022,0.0996,5198687799.0,4229215168.0,122143553,13549519.0,8617755.0,825161805.0,216060663,0.2711,,,
Japan,1974,915873.587,8.313879441,479626000000.0,4353.824355,229190528,35613054,62288.0,14161360.0,635278976,2.0644,0.3208,0.0006,0.1276,5.7221,13770792087.0,7874112954.0,434475969,300448.0,89610344.0,5372292368.0,914306206,0.4672,,,
Russia,1974,2851891.906,21.373373,,,747540873,33098260,16443663.0,295209280.0,644628874,5.6192,0.2488,0.1236,2.2191,4.8457,31566438986.0,19036958140.0,454994958,57216578.0,3079794232.0,8937475092.0,1736920950,1.2057,,,
United States,1974,4598487.673,21.50293038,1545240000000.0,7225.69136,1199596977,36579815,8899856.0,1055085105.0,2306281918,5.5252,0.1685,0.041,4.8596,10.6224,172662613222.0,94986765211.0,1055983579,728000201.0,22093303200.0,53434451640.0,4620820271,0.822,,,
India,1975,252201.592,0.404751113,98472796457.0,158.036171,161567814,7288268,2011565.0,1733097.0,61838227,0.2593,0.0117,0.0032,0.0028,0.0992,5433126770.0,4390782982.0,129431821,15561084.0,10350852.0,887000032.0,234438971,0.2701,,,
Japan,1975,870072.757,7.79823754,521542000000.0,4674.445481,213421571,31796187,109920.0,17154920.0,606028154,1.8985,0.2829,0.001,0.1526,5.3911,14639302840.0,8087534525.0,466272156,410368.0,106765264.0,5978320522.0,868510753,0.4305,,,
Russia,1975,2998311.549,22.34211288,,,769737342,34725565,18255365.0,321958384.0,681078293,5.7527,0.2595,0.1364,2.4062,5.0901,33392193935.0,19806695482.0,489720523,75471943.0,3401752616.0,9618553385.0,1825754949,1.2178,,,
United States,1975,4406329.539,20.40222407,1684900000000.0,7801.456664,1168057073,30275759,7111824.0,992428427.0,2267402500,5.3316,0.1382,0.0325,4.53,10.3496,177140651705.0,96154822284.0,1086259338,735112025.0,23085731627.0,55701854140.0,4478038483,0.7988,,,
India,1976,263785.645,0.413696987,102717000000.0,161.0920922,169161047,8279466,1817344.0,2293664.0,63438496,0.2653,0.013,0.0029,0.0036,0.0995,5678116787.0,4559944029.0,137711287,17378428.0,12644516.0,950438528.0,244990017,0.2789,,,
Japan,1976,908902.62,8.059433562,586162000000.0,5197.622337,208382672,33225585,91600.0,20683280.0,644761408,1.8331,0.2923,0.0008,0.1819,5.6718,15546447385.0,8295917197.0,499497741,501968.0,127448544.0,6623081930.0,907144545,0.4325,,,
Russia,1976,3113979.73,23.04142696,,,789861060,35140921,20257280.0,353763809.0,697049594,5.8684,0.2611,0.1505,2.6283,5.1788,35288266599.0,20596556542.0,524861444,95729223.0,3755516425.0,10315602979.0,1896072664,1.2268,,,
United States,1976,4613100.668,21.15761537,1873410000000.0,8592.253537,1309642126,32170821,7338992.0,1021939028.0,2362975846,5.9237,0.1455,0.0332,4.6224,10.688,181888214918.0,97464464410.0,1118430159,742451017.0,24107670655.0,58064829986.0,4747563213,0.8047,,,
India,1977,279051.366,0.427724734,121487000000.0,186.2135042,177762512,8322332,2092144.0,2480528.0,68557104,0.2725,0.0128,0.0032,0.0038,0.1051,5937331407.0,4737706541.0,146033619,19470572.0,15125044.0,1018995632.0,259214620,0.2737,,,
Japan,1977,935213.345,8.212847276,721412000000.0,6335.286871,204520014,35235111,102592.0,24684271.0,668695698,1.7811,0.3069,0.0009,0.215,5.8235,16479685071.0,8500437211.0,534732852,604560.0,152132815.0,7291777628.0,933237686,0.4262,,,
Russia,1977,3220146.714,23.6601522,,,802295849,35725459,21861974.0,379203062.0,721478743,5.9248,0.2638,0.1614,2.8003,5.328,37248831686.0,21398852391.0,560586903,117591197.0,4134719487.0,11037081722.0,1960565087,1.2306,,,
United States,1977,4742292.745,21.53248401,2081830000000.0,9452.576519,1327837029,33769802,7262048.0,991627084.0,2515625887,5.9508,0.1513,0.0325,4.4441,11.274,186777613118.0,98792301439.0,1152199961,749713065.0,25099297739.0,60580455873.0,4889398200,0.7928,,,
India,1978,283096.067,0.424114076,137300000000.0,205.6933833,174937407,8420936,1982224.0,2740672.0,75317184,0.2621,0.0126,0.003,0.0041,0.1128,6200729830.0,4912643948.0,154454555,21452796.0,17865716.0,1094312816.0,263398423,0.2639,,,
Japan,1978,903886.164,7.865830359,1013610000000.0,8820.691945,174739115,40740439,102592.0,34503748.0,651504189,1.5079,0.3516,0.0009,0.2978,5.6223,17381275154.0,8675176326.0,575473291,707152.0,186636563.0,7943281817.0,901590083,0.3911,,,
Russia,1978,3330904.782,24.30253015,,,797600462,35483309,23490257.0,397687904.0,773631879,5.8535,0.2604,0.1724,2.9186,5.6776,39276725497.0,22196452853.0,596070212,141081454.0,4532407391.0,11810713601.0,2027893811,1.2491,,,
United States,1978,4890861.25,21.97300469,2351600000000.0,10564.94822,1379717077,35396646,8123094.0,989136587.0,2515199337,6.126,0.1572,0.0361,4.3918,11.1676,191718755608.0,100172018516.0,1187596607,757836159.0,26088434326.0,63095655210.0,4941142490,0.758,,,
India,1979,296891.321,0.434690107,152992000000.0,224.0010188,180879755,7751954,2216720.0,3030128.0,82663504,0.2648,0.0113,0.0032,0.0044,0.121,6477271891.0,5093523703.0,162206509,23669516.0,20895844.0,1176976320.0,276542061,0.2919,,,
Japan,1979,955620.2,8.245924584,1055010000000.0,9103.564756,190938368,41984767,98928.0,40890240.0,679159040,1.6338,0.3593,0.0008,0.3499,5.8114,18334346497.0,8866114694.0,617458058,806080.0,227526803.0,8622440857.0,953071343,0.392,,,
Russia,1979,3358623.635,24.33309161,,,798154840,34175890,12731255.0,422937746.0,776713588,5.82,0.2492,0.0928,3.084,5.6637,41321438816.0,22994607693.0,630246102,153812709.0,4955345137.0,12587427189.0,2044713319,1.2471,,,
United States,1979,4901796.244,21.78043698,2627330000000.0,11674.18187,1443848157,35719228,8866880.0,1035888005.0,2470099838,6.3511,0.1571,0.039,4.5566,10.8653,196727114216.0,101615866673.0,1223315835,766703039.0,27124322331.0,65565755048.0,5008358608,0.7431,,,
India,1980,314016.211,0.449266666,186325000000.0,266.5778508,197617921,7544839,1165152.0,2487856.0,83176464,0.2827,0.0108,0.0017,0.0036,0.119,6769264123.0,5291141624.0,169751348,24834668.0,23383700.0,1260152784.0,291992232,0.2876,,,
Japan,1980,947571.135,8.112280386,1105390000000.0,9463.353855,224299088,41901414,76944.0,47932448.0,630658672,1.9038,0.3556,0.0007,0.4068,5.3529,19279215063.0,9090413782.0,659359472,883024.0,275459251.0,9253099529.0,944868566,0.3779,,,
Russia,1980,3491017.003,25.11342352,,,841148142,34526931,12772837.0,441490281.0,795226968,6.0929,0.2501,0.0925,3.198,5.7603,43446603974.0,23835755835.0,664773033,166585546.0,5396835418.0,13382654157.0,2125165158,1.2524,,,
United States,1980,4723209.677,20.78648774,2857310000000.0,12574.79151,1484465894,32719097,6690464.0,1017996105.0,2253808001,6.4689,0.1426,0.0292,4.4362,9.8215,201535409977.0,103100332567.0,1256034932,773393503.0,28142318436.0,67819563049.0,4808295761,0.7131,,,
India,1981,338838.134,0.473644451,193491000000.0,270.4706009,210604773,8887727,3176688.0,2883568.0,89713040,0.2944,0.0124,0.0044,0.004,0.1254,7084529918.0,5501746397.0,178639075,28011356.0,26267268.0,1349865824.0,315265795,0.2926,,,
Japan,1981,929606.502,7.900719032,1218990000000.0,10360.17827,247357616,40261246,73280.0,48592160.0,590551194,2.0833,0.3391,0.0006,0.4093,4.9738,20206050558.0,9337771398.0,699620718,956304.0,324051411.0,9843650723.0,926835495,0.3593,,,
Russia,1981,3425062.341,24.47504549,,,761607785,34800814,12677271.0,472798495.0,802813481,5.4794,0.2504,0.0912,3.4016,5.7759,45531301820.0,24597363620.0,699573847,179262817.0,5869633913.0,14185467638.0,2084697846,1.2141,,,
United States,1981,4535800.308,19.76676417,3207040000000.0,13976.10539,1535712153,31765466,5232192.0,1000727610.0,2100191237,6.6298,0.1371,0.0226,4.3203,9.0668,206221581485.0,104636044720.0,1287800398,778625695.0,29143046046.0,69919754286.0,4686171508,0.678,,,
India,1982,349637.449,0.477490561,200715000000.0,274.1113337,213426558,9676066,3814224.0,4360160.0,94406624,0.2915,0.0132,0.0052,0.006,0.1289,7410213550.0,5715172955.0,188315141,31825580.0,30627428.0,1444272448.0,325683632,0.293,,,
Japan,1982,900200.829,7.597913817,1134520000000.0,9575.607713,242630080,38152159,91600.0,49746128.0,566787824,2.0286,0.319,0.0008,0.4159,4.7388,21103458349.0,9580401478.0,737772877,1047904.0,373797539.0,10410438547.0,897407791,0.3376,,,
Russia,1982,3489821.561,24.78161636,,,771646987,33544954,12611233.0,500172095.0,806027041,5.5136,0.2397,0.0901,3.5738,5.7592,47655304131.0,25369010607.0,733118801,191874050.0,6369806008.0,14991494679.0,2124002311,1.2296,,,
United States,1982,4306748.487,18.59049523,3343790000000.0,14433.78773,1482815601,28265750,4990368.0,931365813.0,1990253586,6.3416,0.1209,0.0213,3.9832,8.5118,210668661403.0,106118860321.0,1316066148,783616063.0,30074411859.0,71910007872.0,4447079918,0.6557,,,
India,1983,378669.088,0.50527683,218262000000.0,291.2381101,232850400,10950501,4316192.0,5243184.0,99169824,0.3107,0.0146,0.0058,0.007,0.1323,7762743651.0,5948023355.0,199265642,36141772.0,35870612.0,1543442272.0,352530101,0.2932,,,
Japan,1983,883838.675,7.408104093,1243320000000.0,10421.21244,229795088,38101466,91600.0,53347840.0,559573408,1.9082,0.3164,0.0008,0.443,4.6466,21984367751.0,9810196566.0,775874343,1139504.0,427145379.0,10970011955.0,880909402,0.3239,,,
Russia,1983,3539850.442,24.98694442,,,765595721,34444657,12400842.0,536581143.0,805106655,5.4322,0.2444,0.088,3.8073,5.7126,49809433149.0,26134606328.0,767563458,204274892.0,6906387151.0,15796601334.0,2154129018,1.2226,,,
United States,1983,4341878.347,18.57154371,3634040000000.0,15543.89372,1546102631,30252185,5089296.0,874066770.0,1963773600,6.5504,0.1282,0.0216,3.7032,8.32,215097848134.0,107664962952.0,1346318333,788705359.0,30948478629.0,73873781472.0,4429186731,0.6268,,,
India,1984,388118.947,0.506132025,212158000000.0,276.6679583,231822407,12592760,5199167.0,6170118.0,106104774,0.3023,0.0164,0.0068,0.008,0.1384,8124632876.0,6179845762.0,211858402,41340939.0,42040730.0,1649547046.0,361889225,0.2898,,,
Japan,1984,940130.792,7.829008203,1318380000000.0,10978.91981,260175961,37004474,95264.0,71696872.0,568097320,2.1469,0.3053,0.0008,0.5916,4.6877,22921437643.0,10070372527.0,812878817,1234768.0,498842251.0,11538109275.0,937069892,0.3315,,,
Russia,1984,3571709.338,25.02160733,,,760233470,34660833,12211564.0,580265923.0,785887524,5.3561,0.2442,0.086,4.0882,5.5368,51982692464.0,26894839798.0,802224291,216486456.0,7486653074.0,16582488858.0,2173259315,1.2284,,,
United States,1984,4475192.132,18.97675027,4037610000000.0,17121.22548,1651497016,32712422,5789115.0,922783519.0,2038576465,6.9316,0.1373,0.0243,3.8731,8.5562,219759769071.0,109316459968.0,1379030755,794494474.0,31871262148.0,75912357937.0,4661920937,0.6149,,,
India,1985,426673.785,0.543976973,232512000000.0,296.43515,253649757,14389872,5953949.0,7199698.0,116759685,0.3234,0.0183,0.0076,0.0092,0.1489,8522585836.0,6433495519.0,226248274,47294888.0,49240428.0,1766306731.0,397952960,0.3064,,,
Japan,1985,915396.877,7.575468416,1398890000000.0,11576.69211,271788192,34052077,98928.0,76980640.0,529480976,2.2299,0.2794,0.0008,0.6316,4.3442,23833838456.0,10342160719.0,846930894,1333696.0,575822891.0,12067590251.0,912400813,0.3092,,,
Russia,1985,3851989.149,26.77632908,,,866022733,34496921,13020442.0,636988819.0,793267409,6.0579,0.2413,0.0911,4.4558,5.549,54326488787.0,27760862531.0,836721212,229506898.0,8123641893.0,17375756267.0,2343796323,1.3053,,,
United States,1985,4492555.377,18.88231274,4338980000000.0,18236.82773,1684174837,31512879,5100284.0,890373017.0,2030806146,7.0028,0.131,0.0212,3.7022,8.4441,224412151934.0,111000634805.0,1410543634,799594758.0,32761635165.0,77943164083.0,4652382863,0.5908,,,
India,1986,457571.927,0.57055617,248986000000.0,310.4659328,273560462,16005568,4964720.0,10310496.0,121857312,0.3411,0.02,0.0062,0.0129,0.1519,8949284393.0,6707055981.0,242253842,52259608.0,59550924.0,1888164043.0,426698557,0.3153,,,
Japan,1986,915334.538,7.534733854,2078950000000.0,17113.26232,257465616,33185725,,81252864.0,540355728,2.1016,0.2709,,0.6632,4.4107,24746098389.0,10599626335.0,880116619,,657075755.0,12607945979.0,912259933,0.3004,,,
Russia,1986,3862509.772,26.65748597,,,893980554,35353033,11393434.0,603920581.0,799476158,6.2084,0.2455,0.0791,4.194,5.5521,56670612547.0,28654843085.0,872074245,240900332.0,8727562474.0,18175232425.0,2344123760,1.2738,,,
United States,1986,4495463.308,18.72072272,4579630000000.0,19071.22719,1647440446,32651439,5243180.0,847113290.0,2121108264,6.7862,0.1345,0.0216,3.4895,8.7374,229075317403.0,112648075251.0,1443195073,804837938.0,33608748455.0,80064272347.0,4663165469,0.5724,,,
India,1987,488481.07,0.595939661,279034000000.0,340.4168345,292271683,16411638,6628126.0,12776272.0,127671122,0.3566,0.02,0.0081,0.0156,0.1558,9405043234.0,6999327664.0,258665480,58887734.0,72327196.0,2015835165.0,455758841,0.3226,,,
Japan,1987,905734.332,7.419855426,2532810000000.0,20748.99092,250394096,33191390,,82707472.0,536237392,2.0345,0.2697,,0.672,4.3571,25648628739.0,10850020431.0,913308009,,739783227.0,13144183371.0,902530350,0.2854,,,
Russia,1987,3847244.051,26.36760185,,,900891189,35641717,10449638.0,701900077.0,706592857,6.2116,0.2457,0.0721,4.8396,4.8719,59026088026.0,29555734274.0,907715962,251349970.0,9429462551.0,18881825282.0,2355475479,1.2811,,,
United States,1987,4688373.177,19.35033442,4855220000000.0,20038.9411,1729182405,32772833,6631840.0,889878503.0,2156490092,7.0564,0.1337,0.0271,3.6314,8.8001,233900762126.0,114377257656.0,1475967906,811469778.0,34498626958.0,82220762439.0,4825444723,0.5722,,,
India,1988,527563.956,0.629950476,296589000000.0,354.1492482,317623468,18228972,7470896.0,15205600.0,133615088,0.3793,0.0218,0.0089,0.0182,0.1595,9897187259.0,7316951132.0,276894452,66358630.0,87532796.0,2149450253.0,492144025,0.3155,,,
Japan,1988,989081.575,8.068997495,3071680000000.0,25059.00743,278511632,35836082,,86206592.0,584909968,2.2536,0.29,,0.6976,4.7329,26634093013.0,11128532063.0,949144091,,825989819.0,13729093339.0,985464274,0.2934,,,
Russia,1988,3950345.423,26.89926543,554713000000.0,3777.235373,916015156,35870706,22981759.0,750168315.0,705911513,6.2735,0.2457,0.1574,5.1377,4.8346,61457035475.0,30471749430.0,943586668,274331729.0,10179630866.0,19587736795.0,2430947449,1.3013,,,
United States,1988,4892526.068,20.01041341,5236440000000.0,21417.01193,1814339357,33043424,7643104.0,935275723.0,2248596921,7.3344,0.1336,0.0309,3.7808,9.0899,238951029904.0,116191597013.0,1509011330,819112882.0,35433902681.0,84469359360.0,5050267778,0.5747,,,
India,1989,579008.299,0.676937713,296042000000.0,346.1128885,340109283,20790914,11002922.0,18517739.0,150714021,0.3976,0.0243,0.0129,0.0216,0.1762,10438322139.0,7657060415.0,297685366,77361552.0,106050535.0,2300164274.0,541134880,0.3253,,,
Japan,1989,1025549.89,8.333129301,3054910000000.0,24822.77557,277104656,36695947,,92724848.0,615156288,2.2337,0.2958,,0.7474,4.9586,27655774752.0,11405636719.0,985840038,,918714667.0,14344249627.0,1021681739,0.2902,,,
Russia,1989,3862616.115,26.14805014,506500000000.0,3428.762153,882513960,35793898,22410226.0,749240683.0,710349659,6.0091,0.2437,0.1526,5.1016,4.8368,63857343900.0,31354263390.0,979380566,296741955.0,10928871549.0,20298086454.0,2400308425,1.276,,,
United States,1989,4955081.421,20.07576978,5641580000000.0,22857.15443,1859690440,33059504,7595472.0,971289784.0,2248848776,7.4469,0.1324,0.0304,3.8894,9.0053,244082956480.0,118051287453.0,1542070834,826708354.0,36405192465.0,86718208136.0,5131926576,0.5645,,,
India,1990,562480.0,0.644102026,320979000000.0,367.5566089,367035725,22347914,9870757.0,21097187.0,158166611,0.4203,0.0256,0.0113,0.0242,0.1811,11016840334.0,8024096140.0,320033280,87232309.0,127147722.0,2458330885.0,578518195,0.3304,0.3301,577962430.4931,0.6618
Japan,1990,1092560.0,8.848215877,3132820000000.0,25371.46417,317909153,38701103,191572.0,118872345.0,670550814,2.5534,0.3108,0.0015,0.9548,5.3857,28813782159.0,11723545872.0,1024541141,1525268.0,1037587012.0,15014800441.0,1158007407,0.313,0.3573,1322010584.1144,10.6181
Russia,1990,2164870.0,14.63052427,516814000000.0,3492.710314,751446674,34609276,25695688.0,787971744.0,888018985,5.0935,0.2346,0.1742,5.341,6.0192,66382861851.0,32105710064.0,1013989842,322437643.0,11716843293.0,21186105439.0,2525517951,1.3764,1.1119,2040272223.6138,13.8294
United States,1990,4844990.0,19.40922912,5963140000000.0,23888.60001,1841986334,33484143,41756760.0,1033673422.0,2138354592,7.306,0.1328,0.1656,4.0999,8.4815,249196411155.0,119893273787.0,1575554977,868465114.0,37438865887.0,88856562728.0,5113454675,0.5528,0.544,5031785971.488,19.9579
India,1991,607340.0,0.681429666,270105000000.0,303.0556077,393602526,24503037,7833632.0,23563184.0,166422544,0.4416,0.0275,0.0088,0.0264,0.1867,11632765257.0,8417698666.0,344536317,95065941.0,150710906.0,2624753429.0,615924923,0.3495,0.34,599254603.7239,0.6724
Japan,1991,1105660.0,8.919202349,3584420000000.0,28915.0082,317768849,40346745,214872.0,126994406.0,672951537,2.5436,0.323,0.0017,1.0165,5.3866,29983474014.0,12041314721.0,1064887886,1740140.0,1164581418.0,15687751978.0,1169691855,0.3058,0.3505,1340654393.6786,10.7313
Russia,1991,2141420.0,14.43061635,517963000000.0,3490.452505,703063127,32836858,25829967.0,754748709.0,844241487,4.7506,0.2219,0.1745,5.0998,5.7045,68779066815.0,32808773191.0,1046826700,348267610.0,12471592002.0,22030346926.0,2396204964,1.3481,1.1674,2074996942.8145,14.0207
United States,1991,4808090.0,19.00573561,6158130000000.0,24342.2589,1827638667,32736467,41137165.0,1056686465.0,2076070505,7.1802,0.1286,0.1616,4.1514,8.1562,254254342095.0,121720912454.0,1608291444,909602279.0,38495552352.0,90932633233.0,5057930940,0.5472,0.5354,4949136241.4629,19.4435
India,1992,630260.0,0.693121231,288208000000.0,316.9539272,412000566,25156198,3565072.0,27256496.0,188054800,0.4531,0.0277,0.0039,0.03,0.2068,12288798389.0,8829699232.0,369692515,98631013.0,177967402.0,2812808229.0,656033132,0.3561,0.3521,648605492.3944,0.7133
Japan,1992,1117470.0,8.981072936,3908810000000.0,31414.98464,312121116,41665791,208308.0,128434625.0,686491711,2.4904,0.3324,0.0017,1.0248,5.4774,31162870078.0,12353435837.0,1106553677,1948448.0,1293016043.0,16374243689.0,1179396064,0.3059,0.3704,1428314453.3946,11.3963
Russia,1992,2005430.0,13.50110639,460291000000.0,3098.802639,519646831,26717383,21111554.0,774149795.0,585184698,3.5048,0.1802,0.1424,5.2213,3.9468,70736952942.0,33328420022.0,1073544083,369379164.0,13245741797.0,22615531624.0,1957886127,1.2591,0.5086,790881127.5696,5.3341
United States,1992,4880200.0,19.02508245,6520330000000.0,25418.99078,1850696801,32992976,40962579.0,1091238473.0,2128089535,7.2014,0.1284,0.1594,4.2462,8.2808,259421822942.0,123571609255.0,1641284420,950564858.0,39586790825.0,93060722768.0,5167480847,0.5398,0.5364,5134514677.6273,19.9794
India,1993,652470.0,0.703544619,279296000000.0,301.1590023,433738272,26602355,3700640.0,26996352.0,186878656,0.4677,0.0287,0.004,0.0291,0.2015,12966714664.0,9263437504.0,396294870,102331653.0,204963754.0,2999686885.0,677916275,0.3509,0.3385,653985998.8423,0.7052
Japan,1993,1109660.0,8.889440755,4454140000000.0,35681.96394,317584353,41224494,211661.0,131217458.0,671911224,2.5264,0.3279,0.0017,1.0438,5.345,32335209549.0,12671020190.0,1147778171,2160109.0,1424233501.0,17046154913.0,1172339471,0.3036,0.3624,1399387482.6998,11.1321
Russia,1993,1821790.0,12.27135261,435084000000.0,2930.670201,505783496,21994949,17124232.0,781479886.0,509802863,3.4089,0.1482,0.1154,5.267,3.4359,72596632343.0,33834203518.0,1095539032,386503396.0,14027221683.0,23125334487.0,1859679401,1.283,0.773,1120504712.5331,7.5519
United States,1993,5000350.0,19.2381088,6858560000000.0,26387.29373,1908246781,34837973,40819557.0,1119019629.0,2141495860,7.3526,0.1342,0.1573,4.3117,8.2514,264689166002.0,125479856036.0,1676122393,991384415.0,40705810454.0,95202218628.0,5267343060,0.5356,0.5281,5194300298.2345,20.0141
India,1994,687950.0,0.727526089,327276000000.0,346.1029514,456366793,28540079,4056028.0,29000420.0,198954242,0.4826,0.0302,0.0043,0.0307,0.2104,13683632227.0,9719804297.0,424834949,106387681.0,233964174.0,3198641127.0,716917563,0.3515,0.337,687336751.0003,0.7269
Japan,1994,1162940.0,9.290290626,4998800000000.0,39933.51506,325229655,42297116,231055.0,137667840.0,711884066,2.5801,0.3355,0.0018,1.0921,5.6475,33562482561.0,12996249845.0,1190075287,2391164.0,1561901341.0,17758038979.0,1227273012,0.3148,0.3771,1470310553.8059,11.6642
Russia,1994,1612870.0,10.8678168,395077000000.0,2662.104034,453036534,16475445,14555812.0,732784626.0,406647830,3.0538,0.1111,0.0981,4.9396,2.7411,74238248427.0,34287240052.0,1112014477,401059208.0,14760006309.0,23531982317.0,1641616084,1.2671,0.9106,1179779528.1873,7.9527
United States,1994,5073230.0,19.28061081,7287240000000.0,27694.85342,1920743269,36310432,40964973.0,1145893791.0,2190663265,7.3243,0.1385,0.1562,4.3696,8.3536,270047990050.0,127400599305.0,1712432825,1032349388.0,41851704245.0,97392881893.0,5358824048,0.5237,0.5175,5295359827.6068,20.1927
India,1995,741100.0,0.768837675,360282000000.0,373.7664808,472394586,31103789,3290257.0,39050735.0,216281275,0.4901,0.0323,0.0034,0.0405,0.2244,14445752869.0,10192198883.0,455938738,109677938.0,273014909.0,3414922402.0,762120642,0.351,0.3327,722209114.9633,0.7492
Japan,1995,1172790.0,9.347025631,5545560000000.0,44197.6191,335137726,42142027,521455.0,142649074.0,709194438,2.6521,0.3335,0.0041,1.1289,5.6122,34802102393.0,13331387571.0,1232217314,2912619.0,1704550415.0,18467233417.0,1239619832,0.3097,0.3753,1502331413.3076,11.8888
Russia,1995,1564900.0,10.54686908,395537000000.0,2665.779867,477268556,16646415,15469006.0,699429401.0,386640727,3.2198,0.1123,0.1044,4.7186,2.6084,75851389568.0,34764508608.0,1128660892,416528214.0,15459435710.0,23918623044.0,1613141141,1.2696,0.922,1171391673.0053,7.9027
United States,1995,5126900.0,19.25393761,7639750000000.0,28690.8757,1942302066,37075279,39410223.0,1194544218.0,2180865456,7.3249,0.1398,0.1486,4.5049,8.2246,275469492515.0,129342901371.0,1749508104,1071759611.0,43046248463.0,99573747349.0,5421502465,0.5158,0.5096,5356474451.5329,20.2006
India,1996,776720.0,0.790663149,392897000000.0,399.9500747,505216962,34079363,3715280.0,39746906.0,243160345,0.5143,0.0347,0.0038,0.0405,0.2475,15271671725.0,10697415845.0,490018101,113393218.0,312761815.0,3658082747.0,825918856,0.3554,0.3315,770262065.2594,0.7841
Japan,1996,1186230.0,9.432715475,4923390000000.0,39150.03963,343969710,42559540,570678.0,148448270.0,706119488,2.716,0.3361,0.0045,1.1722,5.5756,36053633246.0,13675357281.0,1274776854,3483297.0,1852998685.0,19173352905.0,1251530853,0.3034,0.362,1493301193.904,11.7913
Russia,1996,1534380.0,10.35622748,391725000000.0,2643.929196,475880132,12723154,15581453.0,699631315.0,361187740,3.215,0.086,0.1053,4.7266,2.4401,77431765246.0,35240388740.0,1141384046,432109667.0,16159067025.0,24279810784.0,1580375678,1.2595,1.0002,1255006834.9683,8.4786
United States,1996,5283110.0,19.61109008,8073120000000.0,29967.71272,2024057941,37308895,38031613.0,1215070822.0,2267651505,7.543,0.139,0.1417,4.5282,8.4508,281080074104.0,131366959312.0,1786816999,1109791224.0,44261319285.0,101841398854.0,5610581589,0.5143,0.5066,5526462522.6141,20.5954
India,1997,821480.0,0.82074131,415868000000.0,415.4937978,528473902,37418160,3568736.0,46023504.0,244201936,0.528,0.0374,0.0036,0.046,0.244,16131357963.0,11225889747.0,527436261,116961954.0,358785319.0,3902284683.0,859686238,0.3577,0.3352,805434930.3899,0.8047
Japan,1997,1173990.0,9.313167853,4492450000000.0,35638.23196,349464604,39926083,580360.0,153033751.0,691903383,2.754,0.3146,0.0046,1.206,5.4527,37298414419.0,14024821885.0,1314702937,4063657.0,2006032436.0,19865256288.0,1244781173,0.2988,0.3523,1467958112.7176,11.5685
Russia,1997,1427060.0,9.647814739,404929000000.0,2737.572024,410447085,12272913,16811753.0,669081408.0,352804307,2.7784,0.0831,0.1138,4.5291,2.3882,78907125457.0,35650835825.0,1153656959,448921420.0,16828148433.0,24632615091.0,1475360211,1.1351,0.906,1177521550.0144,7.9708
United States,1997,5547990.0,20.34787297,8577550000000.0,31459.13898,2067227092,38560746,38183270.0,1223335067.0,2290997787,7.6081,0.1419,0.1405,4.5023,8.4317,286766539099.0,133434186404.0,1825377745,1147974494.0,45484654352.0,104132396641.0,5686464995,0.4989,0.4941,5632188333.0288,20.7284
India,1998,839830.0,0.823779815,421351000000.0,413.2989322,524871976,39026475,3312256.0,47595360.0,262892000,0.5148,0.0383,0.0032,0.0467,0.2579,17009056030.0,11750761723.0,566462736,120274210.0,406380679.0,4165176683.0,877698067,0.3453,0.3236,822334734.8767,0.8066
Japan,1998,1131250.0,8.949762658,4098360000000.0,32423.75561,327323046,35362599,498616.0,156330316.0,676069127,2.575,0.2782,0.0039,1.2298,5.3185,38503407901.0,14352144931.0,1350065536,4562273.0,2162362752.0,20541325415.0,1204993482,0.2927,0.3333,1372290214.9122,10.7955
Russia,1998,1418510.0,9.605894691,270955000000.0,1834.861843,399021344,11922667,16810616.0,673280615.0,345452646,2.7078,0.0809,0.1141,4.5689,2.3443,80365493287.0,36049857169.0,1165579626,465732036.0,17501429048.0,24978067737.0,1458367830,1.1579,0.8359,1052785168.0171,7.1443
United States,1998,5590700.0,20.26688031,9062820000000.0,32853.67695,2094975893,39460871,35862808.0,1200762500.0,2330846313,7.6132,0.1434,0.1303,4.3636,8.4704,292497588694.0,135529162297.0,1864838616,1183837302.0,46685416852.0,106463242954.0,5731049595,0.4814,0.4868,5795627144.8098,21.0616
India,1999,904090.0,0.870943498,458820000000.0,441.9987604,561326122,44592480,3004480.0,42315536.0,300510056,0.5407,0.043,0.0029,0.0408,0.2895,17960804704.0,12312087845.0,611055216,123278690.0,448696215.0,4465686739.0,951748674,0.355,0.3379,905933155.5835,0.8727
Japan,1999,1165890.0,9.206987231,4635980000000.0,36610.16832,345193486,35010125,539321.0,165804437.0,685548136,2.7111,0.275,0.0042,1.3022,5.3842,39745019393.0,14697338417.0,1385075661,5101594.0,2328167189.0,21226873551.0,1241611492,0.3025,0.3554,1458393899.8443,11.454
Russia,1999,1456150.0,9.891330474,195907000000.0,1330.757236,405457091,13172502,18107506.0,686404648.0,350222172,2.7598,0.0897,0.1233,4.6721,2.3838,81851793790.0,36455314260.0,1178752128,483839542.0,18187833696.0,25328289909.0,1486300503,1.0857,0.7375,1009629665.8946,6.8722
United States,1999,5610300.0,20.10571961,9630660000000.0,34513.5615,2100316943,40238725,35834316.0,1204715037.0,2394436958,7.5402,0.1445,0.1286,4.325,8.5961,298302257613.0,137629479240.0,1905077341,1219671618.0,47890131889.0,108857679912.0,5804668919,0.4657,0.4783,5961354994.0085,21.4015
India,2000,940170.0,0.88982752,468395000000.0,443.3141938,573692181,45957013,3110736.0,43872736.0,312286549,0.543,0.0435,0.0029,0.0415,0.2956,18939723919.0,12885780026.0,657012229,126389426.0,492568951.0,4777973288.0,978919215,0.353,0.3235,897026254.5275,0.849
Japan,2000,1182950.0,9.32609604,4968360000000.0,39169.35957,372047458,35085743,511563.0,170603597.0,676304594,2.9175,0.2751,0.004,1.3378,5.3033,41009394035.0,15069385875.0,1420161404,5613157.0,2498770786.0,21903178145.0,1264374642,0.2999,0.3633,1531720362.4309,12.0112
Russia,2000,1489500.0,10.16051714,259710000000.0,1771.594059,425032092,15112577,18254512.0,681432377.0,317318002,2.9031,0.1032,0.1247,4.6544,2.1674,83323053279.0,36880346352.0,1193864705,502094054.0,18869266073.0,25645607911.0,1471259489,0.9551,0.6493,1000251188.1882,6.8321
United States,2000,5776410.0,20.4719331,10252300000000.0,36334.90878,2179839112,41445309,36182255.0,1257598664.0,2469139662,7.7379,0.1471,0.1284,4.4641,8.7648,304312765966.0,139809318352.0,1946522650,1255853873.0,49147730553.0,111326819574.0,6010508353,0.4633,0.4822,6255890564.8456,22.2068
India,2001,953880.0,0.887330155,485441000000.0,451.5729973,582911931,46739658,3224343.0,43568933.0,316115271,0.5422,0.0435,0.003,0.0405,0.2941,19932284055.0,13468691957.0,703751887,129613769.0,536137884.0,5094088559.0,992560136,0.3415,0.3168,920993770.6528,0.8567
Japan,2001,1170620.0,9.206678778,4374710000000.0,34406.18246,381113117,34374185,548167.0,169623171.0,654633452,2.9841,0.2692,0.0043,1.3282,5.1258,42259160302.0,15450498992.0,1454535589,6161324.0,2668393957.0,22557811597.0,1249766267,0.2954,0.3514,1486394786.1503,11.6385
Russia,2001,1490530.0,10.21075436,306602000000.0,2100.352512,443552879,15862541,18749388.0,693013366.0,323090661,3.0416,0.1088,0.1286,4.7522,2.2155,84830759848.0,37323899231.0,1209727246,520843442.0,19562279439.0,25968698572.0,1507706569,0.9136,0.6798,1121953877.264,7.6935
United States,2001,5749250.0,20.17500468,10581800000000.0,37133.24281,2115059495,41613367,35931487.0,1204740719.0,2481984809,7.4315,0.1462,0.1262,4.233,8.7207,310217647561.0,141924377847.0,1988136017,1291785360.0,50352471272.0,113808804383.0,5904881595,0.4507,0.4705,6163755495.6215,21.657
India,2002,987530.0,0.903241998,514938000000.0,470.9867868,599450101,49111237,2744336.0,47133696.0,324587833,0.5483,0.0449,0.0025,0.0431,0.2969,20955311258.0,14068142058.0,752863124,132358105.0,583271580.0,5418676392.0,1023027203,0.3422,0.3145,940248474.8818,0.86
Japan,2002,1206970.0,9.470516693,4182850000000.0,32820.79364,398258418,32417253,524567.0,173418885.0,665588384,3.114,0.2535,0.0041,1.356,5.2043,43538280443.0,15848757410.0,1486952842,6685891.0,2841812842.0,23223399981.0,1279120141,0.3022,0.3539,1498005088.0094,11.7129
Russia,2002,1491720.0,10.2660241,345470000000.0,2377.529577,422074398,17116161,26426690.0,702371736.0,314440788,2.9065,0.1179,0.182,4.8367,2.1653,86326453485.0,37745973629.0,1226843407,547270132.0,20264651175.0,26283139360.0,1495693637,0.8433,0.636,1128131871.5493,7.7687
United States,2002,5594160.0,19.44947847,10936400000000.0,38023.16111,2119321968,43163872,36571885.0,1244766103.0,2476570421,7.3772,0.1503,0.1273,4.3329,8.6208,316164418127.0,144043699815.0,2031299889,1328357245.0,51597237375.0,116285374804.0,5946770566,0.446,0.4714,6285678176.5043,21.88
India,2003,1015890.0,0.913962074,607699000000.0,546.7266135,626781581,50880079,2029856.0,49987952.0,329936696,0.5639,0.0458,0.0018,0.045,0.2968,22014927422.0,14694923639.0,803743203,134387961.0,633259532.0,5748613088.0,1059616164,0.3298,0.3083,990399806.0146,0.891
Japan,2003,1215780.0,9.519253355,4519560000000.0,35387.03742,411671854,31935273,505758.0,178651846.0,655729591,3.2147,0.2494,0.0039,1.3951,5.1206,44825748189.0,16260429264.0,1518888115,7191649.0,3020464688.0,23879129572.0,1287467746,0.2998,0.3522,1512678071.695,11.8124
Russia,2003,1522190.0,10.52336359,430348000000.0,2975.125353,423654928,18666297,26353749.0,734919231.0,308253748,2.9296,0.1291,0.1822,5.082,2.1316,87852060476.0,38169628557.0,1245509704,573623881.0,20999570406.0,26591393108.0,1525606991,0.7836,0.6159,1199118763.7285,8.292
United States,2003,5659630.0,19.50870471,11458200000000.0,39496.48588,2158576959,43349101,36429684.0,1211114607.0,2537208761,7.4481,0.1496,0.1257,4.1789,8.7546,322176255622.0,146202276774.0,2074648990,1364786929.0,52808351982.0,118822583565.0,6011837495,0.4385,0.4654,6380354540.3513,22.0152
India,2004,1087190.0,0.962435743,709149000000.0,627.7742417,670922109,55544666,1901610.0,49584753.0,347518127,0.5939,0.0492,0.0017,0.0439,0.3076,23140398687.0,15365845748.0,859287869,136289571.0,682844285.0,6096131215.0,1125471265,0.3258,0.3051,1054050727.0894,0.9331
Japan,2004,1211090.0,9.479340331,4893120000000.0,38298.98017,419645802,31276190,477664.0,177564951.0,644610569,3.2733,0.244,0.0037,1.385,5.028,46108609790.0,16680075066.0,1550164305,7669313.0,3198029639.0,24523740141.0,1282861601,0.2925,0.3441,1509544147.637,11.7745
Russia,2004,1534120.0,10.64863317,591017000000.0,4102.364833,413793492,20915348,30154282.0,742806465.0,308719743,2.872,0.1452,0.2093,5.1555,2.1427,89382754795.0,38583422049.0,1266425052,603778163.0,21742376871.0,26900112851.0,1530694319,0.7169,0.5677,1212180447.1887,8.4132
United States,2004,5740030.0,19.60357288,12213700000000.0,41712.80107,2190331358,45885581,36824568.0,1217622248.0,2596285739,7.492,0.157,0.126,4.1649,8.8806,328290262502.0,148392608132.0,2120534571,1401611497.0,54025974230.0,121418869304.0,6114006880,0.4297,0.4611,6560311886.3843,22.4396
India,2005,1137740.0,0.991399583,820382000000.0,714.8610154,722496537,59686569,1685440.0,50438624.0,351646194,0.6296,0.052,0.0015,0.044,0.3064,24326352051.0,16088342285.0,918974438,137975011.0,733282909.0,6447777409.0,1185953364,0.3197,0.2954,1095809925.9624,0.9549
Japan,2005,1213820.0,9.49981608,4831470000000.0,37812.89502,430174454,32279646,507770.0,176001001.0,641719658,3.3522,0.2515,0.004,1.3715,5.0007,47398980851.0,17110249520.0,1582443951,8177083.0,3374030640.0,25165459799.0,1290371061,0.2895,0.3422,1525230606.3389,11.8856
Russia,2005,1530850.0,10.66654578,764017000000.0,5323.463083,414913294,22256030,31556250.0,745182869.0,319019961,2.8879,0.1549,0.2196,5.1867,2.2205,90930353848.0,38998335343.0,1288681082,635334413.0,22487559740.0,27219132812.0,1547599053,0.6668,0.5324,1235743641.9477,8.6011
United States,2005,5756080.0,19.478026,13036600000000.0,44114.74778,2214837522,46194121,37244387.0,1199295503.0,2608476743,7.5081,0.1566,0.1263,4.0655,8.8425,334424783975.0,150607445654.0,2166728692,1438855884.0,55225269733.0,124027346047.0,6134521473,0.4172,0.4486,6596274332.9243,22.3607
India,2006,1214250.0,1.041839796,940260000000.0,806.7532806,774666367,64905401,1839328.0,49442016.0,368891165,0.6647,0.0557,0.0016,0.0424,0.3165,25586096327.0,16863008652.0,983879839,139814339.0,782724925.0,6816668574.0,1259744276,0.3131,0.2932,1179947582.4341,1.0124
Japan,2006,1190260.0,9.309524927,4601660000000.0,35991.546,427282539,31990874,553114.0,192654372.0,604922369,3.3272,0.2491,0.0043,1.5002,4.7104,48666342725.0,17537532059.0,1614434825,8730197.0,3566685012.0,25770382168.0,1267361874,0.2806,0.3323,1501167308.9558,11.6893
Russia,2006,1590090.0,11.11565211,989931000000.0,6920.189125,434371679,24544564,32041052.0,765525718.0,334100059,3.029,0.1712,0.2234,5.3383,2.3298,92536895703.0,39432707022.0,1313225646,667375465.0,23253085458.0,27553232871.0,1606541855,0.6261,0.4887,1253855506.2777,8.7436
United States,2006,5656580.0,18.9576435,13814600000000.0,46298.73144,2183111816,46850744,37823555.0,1182916477.0,2570893125,7.3318,0.1573,0.127,3.9727,8.6341,340476452021.0,152790557470.0,2213579436,1476679439.0,56408186210.0,126598239172.0,6051668046,0.4009,0.4369,6595172266.309,22.1494
India,2007,1336100.0,1.129216789,1216740000000.0,1028.334772,843677275,68333266,2418240.0,52695648.0,391027790,0.713,0.0578,0.002,0.0445,0.3305,26944248545.0,17706685927.0,1052213105,142232579.0,835420573.0,7207696364.0,1358152218,0.3118,0.2933,1277396903.9415,1.0796
Japan,2007,1226360.0,9.58086265,4579750000000.0,35779.02454,444764290,30658350,615644.0,209122344.0,607541494,3.4614,0.2386,0.0048,1.6275,4.7282,49969476902.0,17982296349.0,1645093175,9345841.0,3775807356.0,26377923662.0,1303134177,0.284,0.3306,1517102867.6735,11.8068
Russia,2007,1591510.0,11.1446289,1299710000000.0,9101.255049,419410616,27644836,38385394.0,777797181.0,324906344,2.9275,0.193,0.2679,5.429,2.2679,94141445109.0,39852117638.0,1340870482,705760859.0,24030882639.0,27878139215.0,1604549406,0.5625,0.4654,1327592799.4268,9.2666
United States,2007,5740270.0,19.05602695,14451900000000.0,47975.9677,2208712130,45508881,38375187.0,1257550285.0,2551510259,7.3475,0.1514,0.1277,4.1834,8.4878,346607456179.0,154999269600.0,2259088317,1515054626.0,57665736495.0,129149749431.0,6131004158,0.399,0.4308,6618791569.117,22.018
India,2008,1423880.0,1.185904772,1198900000000.0,998.5223415,912092836,73244725,2114133.0,63046601.0,412316303,0.7597,0.061,0.0018,0.0525,0.3434,28407063143.0,18618778763.0,1125457830,144346712.0,898467174.0,7620012667.0,1462814598,0.3179,0.2964,1363871625.8917,1.1359
Japan,2008,1159620.0,9.055074456,5106680000000.0,39876.30397,426081426,28552561,565173.0,204484663.0,562910364,3.3148,0.2221,0.0044,1.5908,4.3793,51201790632.0,18408377775.0,1673645736,9911014.0,3980292019.0,26940834026.0,1232313730,0.2717,0.3278,1487071975.5825,11.5691
Russia,2008,1613140.0,11.3010597,1660850000000.0,11635.27293,448428418,23625365,28059606.0,778187257.0,342160792,3.1304,0.1649,0.1959,5.4324,2.3886,95778368168.0,40300546056.0,1364495847,733820465.0,24809069896.0,28220300007.0,1636923059,0.5331,0.4379,1344468674.6985,9.3856
United States,2008,5563340.0,18.29480563,14712800000000.0,48382.55845,2174329138,41415652,39846785.0,1266645331.0,2363675615,7.1645,0.1365,0.1313,4.1737,7.7884,352521533945.0,157173598738.0,2300503969,1554901411.0,58932381826.0,131513425046.0,5914077766,0.386,0.4121,6313033410.0958,20.8017
India,2009,1568530.0,1.288080997,1341890000000.0,1101.960838,985348666,81267957,1905276.0,112684767.0,431609933,0.8092,0.0667,0.0016,0.0925,0.3544,30019879742.0,19604127429.0,1206725787,146251988.0,1011151941.0,8051622600.0,1612816599,0.3261,0.3113,1539688588.1008,1.2644
Japan,2009,1101210.0,8.600045296,5289490000000.0,41308.99684,411059961,25308482,500847.0,202176743.0,515912154,3.1975,0.1969,0.0039,1.5727,4.0132,52365003563.0,18819437736.0,1698954218,10411861.0,4182468762.0,27456746180.0,1163212931,0.2713,0.3179,1363149962.2029,10.6036
Russia,2009,1495170.0,10.4714525,1222640000000.0,8562.813277,415649613,19746372,29271365.0,730871779.0,321193282,2.9,0.1378,0.2042,5.0993,2.241,97307329243.0,40716195669.0,1384242219,763091830.0,25539941675.0,28541493289.0,1528961075,0.5277,0.4412,1278490827.5126,8.9201
United States,2009,5159550.0,16.81886848,14448900000000.0,47099.98047,1905943279,29614644,39070586.0,1245741859.0,2233033231,6.2223,0.0967,0.1276,4.067,7.2902,357999743631.0,159079542017.0,2330118613,1593971997.0,60178123685.0,133746458277.0,5478209686,0.3678,0.3891,5795484687.5618,18.9205
India,2010,1665310.0,1.349214466,1675620000000.0,1357.563727,1017375668,86029240,1864976.0,134244240.0,438373461,0.8243,0.0697,0.0015,0.1088,0.3552,31697767327.0,20621503097.0,1292755027,148116964.0,1145396181.0,8489996061.0,1677887585,0.3157,0.2989,1588694915.2705,1.2871
Japan,2010,1156080.0,9.026938393,5759070000000.0,44968.15623,445733855,24321271,474549.0,213341562.0,521744242,3.4676,0.1892,0.0037,1.6597,4.0589,53579819796.0,19265171591.0,1723275489,10886410.0,4395810324.0,27978490422.0,1214816233,0.2721,0.3206,1431593613.1774,11.1371
Russia,2010,1583160.0,11.08271541,1524920000000.0,10674.99578,415282389,22722614,36249929.0,792563304.0,331844462,2.8944,0.1584,0.2526,5.5239,2.3128,98920442277.0,41131478058.0,1406964833,799341759.0,26332504979.0,28873337751.0,1613113034,0.5205,0.4352,1348809385.9989,9.4007
United States,2010,5392870.0,17.43419587,14992100000000.0,48466.6576,2013303900,31449235,41342999.0,1308832053.0,2250504028,6.5153,0.1018,0.1338,4.2355,7.2829,363675530066.0,161092845917.0,2361567848,1635314996.0,61486955738.0,135996962305.0,5675786435,0.3717,0.3928,5998162899.9867,19.4108
India,2011,1760800.0,1.408315593,1823050000000.0,1458.104066,1091464571,91314496,2077488.0,136364239.0,458909201,0.873,0.073,0.0017,0.1091,0.367,33477897323.0,21712967668.0,1384069523,150194452.0,1281760420.0,8948905262.0,1780129996,0.3136,0.2932,1664060965.5562,1.3309
Japan,2011,1212170.0,9.482449759,6233150000000.0,48760.07895,430265145,24982896,477476.0,247922677.0,552340564,3.3484,0.1944,0.0037,1.9294,4.2984,54844685895.0,19695436736.0,1748258385,11363886.0,4643733001.0,28530830986.0,1264866099,0.2838,0.3419,1523786080.3169,11.8584
Russia,2011,1661780.0,11.62401683,2045930000000.0,14311.08432,426382471,25128527,38945280.0,815661184.0,344117271,2.9671,0.1749,0.271,5.676,2.3946,100585649055.0,41557860529.0,1432093360,838287039.0,27148166163.0,29217455022.0,1665206778,0.5046,0.4305,1420830528.9824,9.8873
United States,2011,5172100.0,16.59940374,15542600000000.0,49882.55813,1903554697,32208358,45542397.0,1327527756.0,2201746520,6.1093,0.1034,0.1462,4.2606,7.0663,369215703544.0,162996400614.0,2393776206,1680857393.0,62814483494.0,138198708825.0,5540173478,0.3572,0.3832,5942502789.8408,19.0719
India,2012,1908570.0,1.507820975,1827640000000.0,1443.882435,1247112478,100237156,2077488.0,125604798.0,488554125,0.9853,0.0792,0.0016,0.0992,0.386,35441483368.0,22960080146.0,1484306679,152271940.0,1407365218.0,9437459387.0,1963586045,0.33,0.3063,1822406943.8982,1.4397
Japan,2012,1252220.0,9.811406499,6272360000000.0,49145.28043,449801067,25624795,490268.0,257022425.0,564168727,3.5025,0.1995,0.0038,2.0014,4.393,56150695737.0,20145237803.0,1773883180,11854154.0,4900755426.0,29094999713.0,1306009842,0.2887,0.3448,1559778825.4897,12.1456
Russia,2012,1666860.0,11.63994391,2208300000000.0,15420.87454,441256620,26331668,39948740.0,804975624.0,351771385,3.0644,0.1829,0.2774,5.5903,2.443,102265753414.0,41999117149.0,1458425028,878235779.0,27953141787.0,29569226407.0,1680104359,0.491,0.4309,1474346513.2894,10.239
United States,2012,4950210.0,15.77114462,16197000000000.0,51602.93105,1684036507,35270345,48883000.0,1388254643.0,2152124354,5.3624,0.1123,0.1557,4.4206,6.8529,374554401888.0,164680437121.0,2429046551,1729740393.0,64202738137.0,140350833179.0,5338698344,0.3368,0.3605,5714302575.9457,18.1959
India,2013,1966810.0,1.535560059,1856720000000.0,1449.610451,1320664418,107819842,2121456.0,110689227.0,495642138,1.0311,0.0842,0.0017,0.0864,0.387,37478420449.0,24280744564.0,1592126521,154393396.0,1518054445.0,9933101525.0,2036937081,0.3223,0.2893,1828506909.8342,1.4276
Japan,2013,1260900.0,9.893679627,5212330000000.0,40898.6479,480985001,26805206,438198.0,256490809.0,541440844,3.7485,0.2089,0.0034,1.9989,4.2196,57466038395.0,20626222804.0,1800688386,12292352.0,5157246235.0,29636440557.0,1315342658,0.2851,0.3287,1516755674.56,11.8206
Russia,2013,1624020.0,11.31666091,2292470000000.0,15974.64463,403814330,27281460,36979299.0,780453844.0,354646137,2.7979,0.189,0.2562,5.4076,2.4573,103885173098.0,42402931479.0,1485706488,915215078.0,28733595631.0,29923872544.0,1619419684,0.4662,0.4136,1436667787.2438,9.9544
United States,2013,5089500.0,16.10295784,16784800000000.0,53106.53677,1740832988,36369227,54647366.0,1427506453.0,2184125087,5.502,0.1149,0.1727,4.5117,6.903,380028658658.0,166421270109.0,2465415778,1784387759.0,65630244590.0,142534958266.0,5474256770,0.3398,0.3599,5797617450.8475,18.3237
India,2014,2136870.0,1.649327519,2039130000000.0,1573.885642,1447722853,115824896,1674448.0,109467500.0,511166221,1.1174,0.0894,0.0013,0.0845,0.3945,39664276367.0,25728467417.0,1707951417,156067844.0,1627521945.0,10444267746.0,2185855918,0.3236,0.2933,1981264071.0265,1.5292
Japan,2014,1219820.0,9.584053553,4896990000000.0,38475.39525,472225512,26557375,449078.0,258548469.0,496795383,3.6844,0.2072,0.0035,2.0173,3.8761,58729767154.0,21098448316.0,1827245761,12741430.0,5415794704.0,30133235940.0,1263728759,0.273,0.3129,1448424846.7936,11.3009
Russia,2014,1606860.0,11.17274176,2059240000000.0,14095.64874,392612970,26453326,29475303.0,772753422.0,384603806,2.7139,0.1829,0.2037,5.3417,2.6586,105507761691.0,42795544449.0,1512159814,944690381.0,29506349053.0,30308476350.0,1622588593,0.4558,0.3986,1418994640.6607,9.8088
United States,2014,5102580.0,16.02637907,17527200000000.0,55049.98833,1734525541,39439018,59752869.0,1455804150.0,2201175844,5.443,0.1238,0.1875,4.5683,6.9073,385551465860.0,168155795650.0,2504854796,1844140628.0,67086048740.0,144736134110.0,5522807202,0.3351,0.3533,5823157558.3747,18.2731
India,2015,2150220.0,1.641198393,2103590000000.0,1605.605445,1487725704,117507915,1674448.0,106870633.0,554788779,1.1355,0.0897,0.0013,0.0816,0.4235,41932843845.0,27216193121.0,1825459332,157742292.0,1734392578.0,10999056525.0,2268567478,0.3125,0.2863,2078202010.0054,1.5862
Japan,2015,1181500.0,9.292832367,4444930000000.0,34960.63938,465628827,25936140,424711.0,246428641.0,476371529,3.6381,0.2026,0.0033,1.9254,3.7221,59953163599.0,21564077143.0,1853181901,13166141.0,5662223345.0,30609607469.0,1223396445,0.2611,0.2955,1384435588.0763,10.8172
Russia,2015,1557530.0,10.80890931,1363480000000.0,9313.013625,412579963,23171307,25536514.0,737455339.0,407459359,2.8457,0.1598,0.1761,5.0864,2.8104,107130861540.0,43208124412.0,1535331121,970226895.0,30243804392.0,30715935709.0,1623099849,0.4687,0.4009,1388441921.7448,9.5764
United States,2015,4982790.0,15.53534211,18238300000000.0,56863.3715,1504945744,39907292,61546500.0,1495321179.0,2239489551,4.6901,0.1244,0.1918,4.6601,6.9792,390923236417.0,169660741394.0,2544762088,1905687128.0,68581369919.0,146975623661.0,5371770557,0.3178,0.3372,5699688429.5853,17.7628
India,2016,2183280.0,1.648359053,2294800000000.0,1732.554242,1530270592,123281311,1883293.0,113622467.0,613165557,1.1553,0.0931,0.0014,0.0858,0.4629,44315067065.0,28746463713.0,1948740643,159625585.0,1848015045.0,11612222082.0,2382223220,0.3067,0.2805,2178527400.1362,1.6448
Japan,2016,1171390.0,9.22394197,5003680000000.0,39400.73936,456358246,25969471,457106.0,251595944.0,460901236,3.5719,0.2033,0.0036,1.9692,3.6075,61156881479.0,22020435389.0,1879151372,13623247.0,5913819289.0,31070508705.0,1203717880,0.2544,0.2884,1364764102.0811,10.682
Russia,2016,1530900.0,10.60603144,1276790000000.0,8704.898413,400712725,20432102,27888572.0,751164410.0,402643226,2.7583,0.1406,0.192,5.1706,2.7716,108749460480.0,43608837137.0,1555763223,998115467.0,30994968802.0,31118578935.0,1618598940,0.4675,0.4099,1419049638.3301,9.768
United States,2016,4888640.0,15.13174682,18745100000000.0,58021.4005,1379743915,39439018,51908396.0,1502475490.0,2246524382,4.2714,0.1221,0.1607,4.6514,6.9548,396171260348.0,171040485309.0,2584201106,1957595524.0,70083845409.0,149222148043.0,5248023931,0.3058,0.3249,5576719798.0153,17.2645
India,2017,2301440.0,1.7191902,2651470000000.0,1980.66702,1561223559,121047241,1575522.0,118922003.0,631087430,1.1662,0.0904,0.0012,0.0888,0.4714,46748922819.0,30307687272.0,2069787884,161201107.0,1966937048.0,12243309512.0,2433855754,0.2941,0.2711,2243221347.6559,1.6757
Japan,2017,1151930.0,9.085639143,4930840000000.0,38891.08627,458309038,26428778,436076.0,245716728.0,448760195,3.5945,0.2073,0.0034,1.9271,3.5196,62345004321.0,22478744427.0,1905580150,14059323.0,6159536017.0,31519268900.0,1188122842,0.2453,0.2783,1348075187.5574,10.5729
Russia,2017,1557190.0,10.77664459,1574200000000.0,10720.33266,383255801,20512221,32029887.0,779289873.0,415110297,2.6335,0.1409,0.2201,5.3548,2.8524,110395917448.0,43992092938.0,1576275444,1030145354.0,31774258675.0,31533689232.0,1646456968,0.4672,0.4094,1442710223.9871,9.9135
United States,2017,4813720.0,14.80588242,19543000000000.0,60109.65573,1338666724,40323535,56186215.0,1480058758.0,2265325631,4.1179,0.124,0.1728,4.5528,6.9684,401379011626.0,172379152033.0,2624524641,2013781739.0,71563904167.0,151487473674.0,5207751278,0.296,0.3155,5550771948.4918,17.0748
India,2018,2434520.0,1.799825446,2701110000000.0,1996.915087,1677771190,138964893,1678112.0,126201229.0,655190293,1.2404,0.1027,0.0012,0.0933,0.4844,49348728536.0,31985458462.0,2208752777,162879219.0,2093138277.0,12898499805.0,2599805717,0.2942,0.2675,2363275150.185,1.7472
Japan,2018,1106150.0,8.74225771,5036890000000.0,39808.16856,441800091,26182944,413613.0,233969094.0,432717873,3.4732,0.2058,0.0033,1.8393,3.4018,63488462197.0,22920544518.0,1931763094,14472936.0,6393505111.0,31951986773.0,1143457876,0.2349,0.2713,1320357754.1497,10.38
Russia,2018,1607550.0,11.12661837,1657330000000.0,11287.35528,394979110,20090711,37505808.0,828222514.0,393248003,2.7103,0.1379,0.2574,5.6831,2.6984,112087564166.0,44387072048.0,1596366155,1067651162.0,32602481189.0,31926937235.0,1691646718,0.4682,0.3915,1414733722.7887,9.7076
United States,2018,4981300.0,15.24087458,20611900000000.0,63064.41841,1283532215,38970745,71007909.0,1641041153.0,2316810796,3.924,0.1191,0.2171,5.017,7.083,406754502240.0,173662684248.0,2663495386,2084789648.0,73204945320.0,153804284470.0,5375490614,0.2963,0.3157,5726610566.991,17.5074
India,2019,,,2870500000000.0,2100.751461,1677934376,143664137,1678112.0,128680060.0,674011463,1.228,0.1051,0.0012,0.0942,0.4933,51974696684.0,33663392838.0,2352416914,164557331.0,2221818337.0,13572511268.0,2625968148,,,2410472685.8377,1.7641
Japan,2019,,,5148780000000.0,40777.6087,432133391,25376205,393235.0,224221791.0,415702661,3.4064,0.2,0.0031,1.7675,3.2769,64594391532.0,23352677909.0,1957139299,14866171.0,6617726902.0,32367689434.0,1105929335,,,1288063113.8887,10.1534
Russia,2019,,,1687450000000.0,11497.64925,388867678,20306193,46762006.0,807420644.0,399335531,2.6658,0.1392,0.3206,5.5351,2.7376,113767013493.0,44775939726.0,1616672348,1114413168.0,33409901833.0,32326272766.0,1679449327,,,1432702757.355,9.8216
United States,2019,,,21433200000000.0,65279.52903,1098853710,40895869,84509725.0,1694894099.0,2313371925,3.3393,0.1243,0.2568,5.1506,7.0301,412010318447.0,174761537958.0,2704391255,2169299373.0,74899839419.0,156117656395.0001,5255816207,,,5625783551.9945,17.0963
India,2020,,,2660250000000.0,1927.707823,1587552167,122908202,1678112.0,126984149.0,602669683,1.1504,0.0891,0.0012,0.092,0.4367,54416488997.0,35250945005.0,2475325116,166235443.0,2348802486.0,14175180951.0,2441792313,,,,
Japan,2020,,,5057760000000.0,40193.25244,402978629,25376205,393235.0,216543705.0,377381559,3.1862,0.2006,0.0031,1.7121,2.9838,65625166916.0,23755656538.0,1982515504,15259406.0,6834270607.0,32745070993.0,1030775384,,,,
Russia,2020,,,1483500000000.0,10126.72179,356945515,20306193,46762006.0,747590858.0,388774194,2.4459,0.1391,0.3204,5.1228,2.664,115344149534.0,45132885241.0,1636978541,1161175174.0,34157492691.0,32715046960.0,1577136041,,,,
United States,2020,,,20953000000000.0,63593.44362,888649393,40794578,84509725.0,1654988292.0,2020537707,2.6847,0.1232,0.2553,4.9999,6.1043,416723089020.0,175650187351.0,2745185833,2253809098.0,76554827711.0,158138194102.0001,4712770573,,,,
